x,y,Class
1.233539473284936,1.865995108300944,0
1.1440149179528893,1.7516958951352415,0
2.0230675294778426,2.6681930911613967,0
1.5208127598867192,1.939979438951946,0
1.9595941935281296,2.23073443872057,0
1.6480704820047767,1.976759421983555,0
1.6146078496467173,1.7832228336334162,0
1.7595773295636354,2.0189980067267577,0
2.3517927773216942,2.857025734885366,0
2.4645725738843454,1.6160257041315924,0
2.1855862763245195,2.3834952252797756,0
1.5050887252264404,1.486996374187109,0
2.321815637726669,1.7701867788652805,0
2.344448333303966,2.001791602977292,0
2.137323601806222,2.1631875448634954,0
1.6981897819904548,2.741564313986907,0
2.35442978768357,1.9749586792677323,0
2.2114092873383306,1.5781921967320367,0
0.441571704200437,2.325020986525385,0
2.322226016705521,1.817915095542122,0
1.0431286645692466,2.119340785465918,0
2.3317807882956907,1.941888780231124,0
1.9229638007875824,1.0282715743565887,0
2.596805840374599,2.2541495927969866,0
1.9509193943970347,2.2916840034106496,0
1.5566928699719438,2.4633023841543027,0
1.9263231677085781,2.900231381230114,0
2.529903147466887,1.402448113268262,0
2.0131233089307936,2.25825372214088,0
1.9428324200638116,2.204647498320478,0
2.3717767577541684,1.790459003596089,0
2.1051796833149066,2.1985531182248894,0
1.9970362970833841,2.249823477555983,0
2.683030034201666,1.3906580850114016,0
2.777557016029534,2.1231113806382163,0
2.3066631131643507,1.5410078469976922,0
1.8570204242574135,1.6740717500347047,0
2.7484554967604136,1.112627592405675,0
2.5915597786658537,1.7633195372487607,0
2.359448582764146,1.8982146642632616,0
1.3919617096270696,2.2749284336481956,0
2.0703359516539805,2.0004499633355537,0
1.6281639126495635,1.2288559246001607,0
1.9204938742228204,2.4310740284421337,0
2.1200284646483594,1.940706688224954,0
2.0500797040453116,2.244185295214829,0
1.7624124470853757,2.4829680592298504,0
2.636476874459955,2.7113023744845175,0
1.1519343665842285,2.980613494682508,0
2.365091765564807,1.963880620664166,0
1.071258364202731,2.155562223046827,0
2.1912990683617313,1.46081945459161,0
1.556547836858062,2.5308000850176304,0
2.4391518788662654,1.4075562777141153,0
2.0432262620037966,1.0973741556847894,0
2.123853189233412,2.415193002670196,0
1.4908603372165743,1.7391517375260923,0
1.672714932501208,2.3888036406711204,0
2.103608696705477,2.2040373246730844,0
2.291784963454652,1.1849986744881456,0
3.464548120881931,0.6401603178386928,0
2.1114291615517433,1.4516991264536405,0
2.488018762684463,2.0082457434904324,0
1.2215330337453696,1.3891118326526142,0
1.3350540693329687,1.6736192753256436,0
1.8222526126957739,1.2705296347013373,0
1.4012861521807167,2.084938979898462,0
2.743199626733192,2.045412963518163,0
1.7948906536098357,1.7593036879761834,0
2.6910909441965694,2.698532650656871,0
2.7433912370428155,2.7488575136597815,0
2.0213898599417837,2.2826336012682256,0
2.2508998769038193,1.1001144092666277,0
1.9719502633295485,1.4476549263971954,0
2.2692185001772693,2.203565165541624,0
2.241670925890286,1.685721209877705,0
1.9381751870539847,1.7564542841440882,0
2.2524849907314204,2.44948369729403,0
2.861848137833631,2.2554374109462088,0
2.356508114855469,2.6570772169069743,0
2.1628998068203127,1.7853953516767613,0
2.0623847605216064,2.6876127102234486,0
1.4936634381157043,1.7229343764577572,0
1.4863515614622687,2.7497457450693816,0
2.1616782657401292,2.052917321808389,0
1.3153044379764214,1.569745126445196,0
1.6168362005182084,1.1843902461732334,0
2.6407556701820667,1.8492638425691534,0
2.957114848531407,1.8718836510022805,0
1.1670219616011408,2.428830955061226,0
2.813324781150791,1.9447047485958964,0
1.8942808545772216,1.7837840107107776,0
1.9924974564843176,2.538518736473768,0
1.9432941846786331,1.8875867193649243,0
2.5402720635127434,1.7118790918865483,0
1.1961617104784115,2.2873044586462865,0
2.228081805677567,1.7550858905763667,0
1.5275649013059946,2.3294010708457566,0
2.2853942646907868,1.7015414441084027,0
2.7713981691465257,1.8885204085148102,0
1.99979133679369,2.076088487794133,0
2.1870775429854015,1.8129368398678471,0
2.204775889118846,1.9932742653213051,0
1.600203250164755,2.40773598462003,0
2.7558196749421593,2.2053008956600237,0
2.8532341236304943,2.2404849250173116,0
2.3508916860585147,1.6822847806903665,0
2.0366427160038225,2.426414884137184,0
1.7690530923228578,2.334781170254541,0
1.6867548884254562,2.5022095961308124,0
2.855418291273328,1.636817083906949,0
2.707207521364512,1.9137707016592715,0
1.9681692556052253,2.3167669512302003,0
1.210034735164438,1.6955924412914343,0
0.5839940650455064,1.8869387651180218,0
1.45828666986786,2.9629028687297634,0
1.9346898020024403,2.975880506133907,0
2.7003445172215006,2.61997027491368,0
1.6741718954711096,2.4692925681248843,0
2.252407728170251,1.4903744252474351,0
2.651590480824216,2.2562811157130613,0
2.0642681584280242,1.8204417024670574,0
1.9287760656055792,1.4707140511973162,0
1.345618242880696,1.74549708070434,0
1.3987623458977836,2.0578325370231734,0
2.2080498172079115,1.7263222128506668,0
1.8995462333995365,1.72460028714658,0
2.0612656588266507,2.396020749211487,0
1.9763611421518765,2.072053242561616,0
2.3320720246793254,2.116729039831159,0
1.6076562942852775,2.055936198448149,0
1.8322096782084165,1.6621484283141745,0
2.948091114316572,1.3147140410196558,0
1.6001069308071147,2.155282355210239,0
1.859212284599949,1.746481683937278,0
1.7053066490107154,0.9946088657070611,0
2.222390681203625,1.8037163710174238,0
2.5111961612210347,1.4538910293296883,0
1.750894190706945,2.3493251171538776,0
1.7842928294476574,2.26081261362017,0
1.8605091973484849,2.2484465724192346,0
2.264916891737479,1.6674791909206546,0
1.6303023487449022,2.365775790931077,0
1.8120200170143703,2.1598248915670366,0
0.8139030642434923,1.7950727307800902,0
1.3091274952525074,1.7733312839307416,0
1.9437781219903558,2.44635407643685,0
2.4489320866015607,1.763197971518171,0
2.147537891650931,2.151828236763139,0
1.4506157716663504,2.5169784934063917,0
1.299871895936029,2.9546713127785544,0
2.0873400464490843,2.831936562218865,0
1.1735981788735783,2.450411382104515,0
2.5329634093584446,1.2470443242143063,0
2.031948095825089,1.6554757852910145,0
1.196339920382971,1.7259564062637323,0
1.5170230705790653,2.8265749162826603,0
1.6378443403844387,1.6503410295139544,0
1.6134037448882808,2.1930831885491844,0
1.2550334958892537,2.0504335316286557,0
1.5626687390055773,1.5324363952812279,0
1.6577992219297868,2.1909120048096917,0
1.6443571221947808,2.1991480430987465,0
2.5639783124666904,1.3721125591292491,0
2.0524139014136074,2.611438723526705,0
1.5033713912812239,0.9567449855724062,0
1.832689197022939,1.704621423545019,0
1.560221451344308,2.4859851469327876,0
1.8499966704941215,1.4033710832629804,0
2.4377545765706916,2.175132959781015,0
2.1261353903060627,1.351819805862285,0
3.1428005907640335,1.9534879277778883,0
2.18796371288374,0.8431134434138998,0
1.5432027450114465,1.578714149143496,0
2.404870365407224,1.2285392764228549,0
2.5399656085712676,1.7991181289367497,0
2.5470834957219717,1.7923843020891714,0
1.4528795234824543,1.66316791434543,0
1.9261812927425812,2.3989565982833727,0
2.5659059784142264,1.5565601980642811,0
1.1576355205630295,2.3171933365945256,0
1.7502916194889808,2.814637884979431,0
1.2865311572865044,2.0695320751523414,0
1.5337148850514934,1.5711648977123,0
1.4937714236280968,1.3753307425692287,0
2.6252849162717173,1.6451074499402503,0
1.8827309825456249,2.3523213603749453,0
1.5683222093291087,2.0777953674844487,0
1.4821971343077527,2.4683976081269945,0
2.0708335824357653,2.385165439663606,0
1.9944321863296663,2.070405325939118,0
2.6720371873367137,2.236744130833231,0
2.2500083479286515,2.9276231047102397,0
1.2841011109674811,2.70782811308734,0
1.6855096462043657,1.8486269915478735,0
2.5350362560354887,2.494839720967945,0
1.6894586511493113,2.292925402908968,0
2.8672860874618546,2.5681940387698696,0
1.4508552843376266,2.3358082860179548,0
2.286306676520395,1.512916282478505,0
1.5693922233006792,1.1901577173136497,0
1.7452024335268213,2.286313508602543,0
2.549290824115573,2.9513090991849156,0
1.9364664185807414,1.6121679460300147,0
2.4067261225570533,1.905955130975175,0
2.2366452974574,1.4821261369023935,0
2.3769328417811506,2.5889147523528298,0
1.5559058944572435,0.8474165724782396,0
1.8892128008979996,0.8681698494820957,0
2.212126309050435,2.1875099599100767,0
1.5754635636531698,1.9588281766043238,0
2.814750021616164,1.7601884924630968,0
1.6113859789224327,1.8494526067382933,0
1.8499982115311024,2.2684939572281806,0
1.4967204676028811,1.7930980054751675,0
0.9283459673806558,1.4515375141334432,0
2.898459261287464,1.5363185359635168,0
1.8978305315484765,2.4441694309984214,0
1.7760425807922298,1.73762902251889,0
1.9006424691646007,1.3073612081164008,0
2.709931986098218,2.0510891634719854,0
1.5174466959677915,2.2524973608900054,0
2.339783932882541,2.6644803737766116,0
1.788105875725262,2.1089516935608343,0
1.701664572230845,1.6701443763951649,0
2.283529106260091,2.237003933638515,0
2.4941202868713486,2.3635874350102184,0
1.7430485248600422,1.9805473466680965,0
1.6155754201625951,1.9777003036372134,0
1.4154521263389865,2.130066452469384,0
2.551751883364188,1.9650717508719078,0
1.7123720025969411,2.125056953441563,0
1.0754346363622744,1.4890433377865357,0
2.7049760691980733,1.4247811150907452,0
1.3150702490235289,1.5819443102496156,0
2.389730265629531,2.321105471664713,0
2.0917143233337625,2.1293987836703043,0
2.1439577161076393,2.5201194821247794,0
1.707812362344339,1.906654538942695,0
2.182795730112318,1.4281793020790752,0
1.1661100535578814,2.572276767642279,0
2.2940188743699066,1.9906164722300534,0
2.77850502076608,2.641727518133263,0
2.4420135987131633,2.2989732456960903,0
0.9902299573066393,3.0943093394114185,0
1.5078954988635758,1.8901135071433188,0
1.9061025390125965,2.4503619525445903,0
2.2434686524699665,2.445682053176472,0
1.9466736631698875,1.722436827252775,0
1.753392806444751,1.9137588414465196,0
2.2976501538461465,1.2691308288916385,0
2.5820758831124833,1.2256019314986673,0
1.8838529964067012,2.0632844007653874,0
2.3644649336926196,2.396503535348714,0
0.7104746274052627,2.3190120167477275,0
1.5312453069456353,2.1700122991298265,0
1.8393705314709952,2.4315085765755455,0
1.7557168896226871,1.7051511021503376,0
2.1663991087022274,1.8637336257561203,0
2.5068752737491304,2.3687607567069406,0
2.2533345130141944,2.216559364724467,0
1.6888872641224721,1.8949055931016188,0
1.238615954747907,2.6603971930639574,0
2.2784820602894436,1.3539993744764363,0
1.080911630164994,1.7406606563557037,0
2.326518641703214,1.8583011127718738,0
1.9057754589349658,2.408267439886885,0
1.4120825060308855,2.0011925989576174,0
2.143628656233396,1.3692541266046925,0
1.9985619486704995,2.2570020899080316,0
1.9817013535418766,2.5437731577334475,0
1.957888351736303,2.369652266566513,0
2.209762054213071,2.3095774608027444,0
2.4622170109792547,1.062843251629466,0
2.248307599241926,1.550056761628258,0
2.5060665949111547,2.2410403043361007,0
1.977930140576097,1.9725559076228059,0
2.809229662115987,2.261278800999406,0
2.2855549110649114,1.366828661518523,0
1.7281529851586117,1.969252617857557,0
1.4530524716327975,1.3051094905518967,0
2.10289840186704,1.023160718690297,0
1.3467392385386996,2.147889544253444,0
1.5133120162216258,2.4212943982284902,0
2.1195435401867995,2.1228082139508877,0
1.6960562768590228,1.983501759867667,0
1.5333418798865388,1.2189928290853669,0
1.9827624769558008,2.5030535335487736,0
2.036338949551895,1.9779775513120295,0
1.8970829873906312,2.979781002602884,0
1.8112265404703558,2.471157154138483,0
2.4273213643562244,0.9974372866739258,0
2.171213675643414,2.377524840127944,0
1.888286943902652,1.3017323812134214,0
3.2321609667576827,1.620252254785468,0
2.0969158684642064,1.8746216616199252,0
2.566002566838665,1.9529687748186981,0
1.7195094984341217,2.198782607808733,0
1.318529526395995,1.488572479597893,0
1.6041217421782679,1.4246539978716766,0
3.300302600866538,2.3386334402391022,1
2.993374866032987,2.775858600420602,1
3.087186524350763,2.809132456379717,1
1.90315832415267,2.9236027682989567,1
2.911431308342338,2.499619754875625,1
2.554635408469252,2.202111194279343,1
2.5396868134915653,2.9348884167666367,1
3.460967402112289,2.9052910355941046,1
2.452164385513744,2.596222979225067,1
2.453551696836985,2.6289239191748077,1
2.8344946982991273,2.5299217040637965,1
3.225144415323672,2.801738130491841,1
2.5579926351259568,2.5718485865023744,1
3.6170720178900306,3.629937665758508,1
3.7249237626806093,3.1204983660225607,1
2.559276466765768,2.5138410409867413,1
2.8774591222115724,2.859776109266273,1
2.6106622636711934,2.4098571968244045,1
2.1573089475643865,3.506084147587394,1
3.1515055252280786,3.69209336229041,1
3.3667974341146847,3.6260009913765154,1
4.005932131563281,2.427653684378701,1
2.5512952481843314,2.954366490136912,1
3.6681175454063104,2.799214662243542,1
3.6711768456289766,3.281006552957091,1
3.0989266547835763,2.496045098358051,1
3.301081744788032,2.6620541529994917,1
3.4366365241503516,2.793391485824096,1
3.98704997412095,3.0766442345662117,1
3.2389042813082347,3.347064354068943,1
2.969931057248157,2.8356361536316963,1
2.566915600496264,3.331982537763111,1
3.152660377506249,3.411038178398569,1
3.512082466386535,2.8933923815640896,1
3.122305180664736,2.3771709335672018,1
2.6100383755374983,2.41440483228293,1
3.0445381012482815,3.295863487575784,1
2.935423258769943,2.7618877818426655,1
3.1323693788778537,2.1436853386587726,1
2.169075816390875,3.3064761840915002,1
3.2753943070513656,3.0647772602731096,1
3.2977115783818616,2.297016459428686,1
3.2224267190932543,3.589709990601323,1
2.998118591427488,3.418317993578875,1
2.097031868698289,3.0693726256450895,1
2.9903386040143682,2.3628403161327913,1
3.530357499671085,2.2988347335573582,1
2.5699355618537694,2.8464657565792817,1
2.005365266919358,2.1430423052248555,1
2.229721014064653,3.202540136592243,1
3.1570128459103017,2.2945883433098317,1
3.186438004426219,3.0824563646273493,1
3.443146597310734,2.855934273636637,1
2.9723705021351736,3.355892634048522,1
2.2498358120107147,2.531026202369256,1
2.590747929703162,3.1368647247623622,1
3.4094196862996737,2.302579903582678,1
3.070247953719738,3.3977747758847037,1
3.324914817339989,2.9425191168612526,1
3.2173944027305197,3.2479253344827153,1
2.897519724134852,2.339737326585984,1
2.912996581245983,3.249542137835883,1
3.92855113487793,3.153101698151854,1
3.2073371333046103,3.1818489463566815,1
2.9357062248418195,3.156316981506993,1
3.2277099954684045,2.903268058604826,1
3.1114529098121366,3.6206496101579955,1
1.9213218132527694,2.9220510071171484,1
3.325042257186157,2.6304153998045856,1
3.9104696370448377,2.9706369033155307,1
2.609860065804968,2.524741027277735,1
3.7270178744195834,2.768001788334578,1
2.8715651513340417,2.9113766919053004,1
3.1467356988249113,2.81022293967707,1
3.535180008486587,3.0996985364027427,1
2.6399992843545954,3.9728806956531635,1
3.6212469564092356,3.28547491992306,1
2.3928913593203305,3.536150323644046,1
2.562422625543042,2.7481452813158818,1
2.703239841326237,2.7064918557474256,1
3.331002683225951,2.810910976553505,1
2.8295627947152644,3.426444548634439,1
2.2400127702070662,1.9259407608845511,1
2.8917335640750856,2.4834176123543164,1
2.607889308732808,3.05116792341711,1
3.365646810420184,2.8879538164685354,1
2.8283824727724483,3.983864841071523,1
3.0353870379503256,3.223841607871328,1
2.797263771429664,2.6689042782347596,1
3.2169694841151446,2.2111964657303265,1
2.908204618264723,2.829719982531069,1
3.1625993573435327,2.3483899586607926,1
1.7033057176291448,3.2333753252092174,1
3.048625438488893,3.0805531611208394,1
3.2069568350551165,3.1600159660463656,1
2.900359972542704,4.039588332397519,1
3.3346962356962706,2.546267009289851,1
3.3693035144964103,2.9037978961020467,1
3.6521069459247517,2.3937421277555453,1
3.052405804036141,2.9597007419249373,1
2.0430996476650094,3.7966368079750135,1
1.8572502756051774,3.284361199560236,1
2.199079523962741,2.9427564772054,1
2.9810464694079317,3.1258151244099452,1
2.921347355859717,2.394572181028205,1
3.138119926009987,2.803133144152805,1
2.6873770387214133,3.0426262872851932,1
2.631754414247126,3.049710993354271,1
3.277523971205217,2.2346918778006915,1
3.327962205686251,3.163811589617391,1
2.8716749322597597,3.1395982462571053,1
2.9807616708805234,2.811474396863611,1
3.2021571716644956,3.00208749954125,1
3.2521717875814975,2.2582542233159995,1
2.4280096502006296,2.260102192337826,1
2.640213072041025,3.067343631169119,1
2.3847269771773068,2.666138404541918,1
2.7465466925815845,2.9942222398878493,1
3.4061667946709155,3.4197453361588024,1
3.273135933471883,2.913035034847422,1
2.4509510198187208,1.5946659725854015,1
3.256133363412991,2.9246731809895534,1
3.042921552671226,2.7594779890029826,1
2.7530366464570397,2.8826528228385397,1
2.296770172448184,3.4498654062857765,1
2.9125883141911166,2.210734907029443,1
3.339972003057978,3.1219783119539923,1
1.9184511758019371,3.785151955955616,1
2.8019384011242754,2.6870284425157713,1
4.127141849402481,3.2361639430928686,1
3.336318359284047,3.483152889485401,1
3.129916247501738,3.1051157195510473,1
2.631407415214543,2.657451509834287,1
2.660835081063015,2.645239494646,1
2.9583558021500185,3.371900076882991,1
3.801431814688568,3.296074545390867,1
3.2327945954474653,2.606765792464387,1
2.563920801114589,2.4117634228194587,1
3.588393481191932,2.359596642925502,1
2.8537028964209545,3.8308259305923853,1
3.8486732405069746,2.966027439804751,1
2.716698487681148,4.180114292826707,1
2.4983671215480556,3.2777728015352716,1
3.087314788906785,3.219761161416899,1
3.491163491900149,3.153136244152592,1
3.518722398365455,3.4995749250986825,1
3.079595883334406,2.5169684074779655,1
2.5059516560156943,4.080006554185368,1
2.7473296390510575,2.949849148694084,1
1.9908590658228917,2.6482999539035945,1
2.54343923121559,3.15128050114421,1
2.9107715925513684,3.546169438015399,1
3.19450107032674,2.496222562108512,1
2.8302728392676104,3.2834346862205357,1
2.97151047251113,2.6417779212067614,1
2.8019072776250917,2.7468632334127556,1
3.3755126520948853,2.755258790622485,1
2.5504435307867306,3.38177073324296,1
3.4187739570731632,2.4454636341028113,1
3.9804404062569554,3.0963080550173063,1
3.2363948280109653,2.828291067958704,1
2.7364541948879793,2.5763949110207354,1
2.7318649279566074,2.3932381986227598,1
3.6049186110920486,2.3985558377419984,1
2.4367052870640014,2.1831019911736016,1
2.523097789863718,3.4480835968746337,1
2.4177757730647675,2.8791734186843896,1
2.360743079739657,3.0793259650331213,1
2.4775918403100716,3.5890946822407988,1
3.3949524708927465,2.389941421534224,1
3.551141282294012,2.5292271623421425,1
2.6514634638199084,3.127357768346892,1
3.103667023022845,2.0879602239598167,1
3.379578337554117,2.7106457435015656,1
3.0502821015485813,2.5375534634497665,1
2.5225286211913804,3.1647612210847678,1
2.2647991324309595,2.7870920668180656,1
3.5052137765627545,4.004074639688479,1
3.2480897061441905,3.468945686034697,1
3.288477946699327,2.5733807578623447,1
2.446176549549485,2.806343281271575,1
3.117488596444526,2.826207743542278,1
3.3144997937284106,4.653287174555281,1
3.1570169218235726,2.2449001780109294,1
2.6274883915961555,3.1017698502023063,1
3.5061302550326676,1.9577839323192354,1
2.236184025910613,2.996531279397039,1
3.464370962403471,3.954945280954506,1
3.5405279720435368,2.795772284162946,1
3.7861651587676124,3.5522772107360243,1
2.8287539048747785,2.966942387023398,1
2.50028499171924,2.7887506415872827,1
3.39694018115419,2.874171820526802,1
2.6503923604565127,2.7065486774099994,1
3.0219977557219946,2.6869708640550884,1
2.841268891419964,2.3349027938377525,1
2.5489640142934578,3.7534003644747216,1
3.160499733092446,2.8034618021032784,1
2.3039920417209823,3.1468871553828763,1
3.29610284082202,2.561734074280107,1
2.516534455771633,3.558495279707675,1
2.134134326766037,2.863222111046085,1
2.9749462706048537,2.954483666071097,1
3.2158169264056116,2.085511682352027,1
3.288467298526612,3.197988105569806,1
3.409176865413581,3.905752852410123,1
1.8231798001547932,2.565461207000044,1
2.497427784521664,2.7708854231487585,1
3.053326147251516,2.430838020892492,1
3.7595016399680725,3.064581087120188,1
3.391872246837364,3.032012098953414,1
3.9506700259240564,3.3525405507472343,1
2.7375302885430006,3.27573677340046,1
3.137208497641004,2.593741976907199,1
2.4500145962153463,3.1124740245321867,1
2.797823890188,2.835849446638764,1
2.6323521408585133,2.4544835113116434,1
2.683005670341639,2.9365720635186934,1
2.803275439407168,4.900830107483557,1
3.0013587699453406,4.157585317002972,1
3.011106332258242,3.069913298883826,1
3.2717267197913626,3.8694286040053782,1
3.06999423369343,2.977308317926864,1
2.8279771855751874,2.9734308302792596,1
2.7387107292340267,2.0252141061851185,1
2.846434139920658,2.5199472170278567,1
2.775481429276517,2.608250368006762,1
3.24548552759099,3.053759515832715,1
3.4327625953356313,3.006992267429638,1
3.637022268973542,2.7105288243040664,1
2.6011486200297913,2.705593400233078,1
3.234686112669375,2.916923432196024,1
2.302660179203662,2.3092941746588584,1
3.186587359126289,2.6936807198157204,1
3.5413361410455324,2.8093550650958523,1
2.9252052491665026,2.3755255334635628,1
3.5363180236294367,2.8348810533677278,1
2.4307160648422617,2.582596418232746,1
2.5556773584541816,3.6176911960047384,1
2.9320950786781568,2.878098101430439,1
3.511105177292912,2.9052271658717124,1
2.7912852718290058,3.2140140535106836,1
2.7732234495456125,3.278484158420315,1
2.5041858208109895,2.1318790978499242,1
3.101440522221311,2.8116079454462324,1
3.623347570447218,2.5454838368739545,1
3.3503400545468462,2.927414877903391,1
3.3483253271681326,2.731833739400543,1
2.896512762538168,3.078534731428904,1
2.7183453203680426,2.509770377218922,1
3.338622958208185,2.7161163792399066,1
2.9840444621829296,2.7044201655388234,1
2.9131958821403092,3.541295685235447,1
3.4491203112018076,3.1840018296402715,1
2.901106274163635,3.184444353792833,1
2.581111870307397,2.8568408595949872,1
3.454594247665483,2.807641073953223,1
3.040359945216933,3.2805014442488187,1
2.481485328075654,3.3887169668968924,1
2.443547052564192,3.0075733928144204,1
3.0477059379134332,3.570823972738051,1
4.168704830739138,3.637077513757592,1
2.803589698226896,2.1676509803055426,1
2.831863070457211,3.215189442391525,1
3.7618855988085267,2.978699035754482,1
2.9713594001047423,3.194144406984121,1
2.2757665683760058,3.557988264013371,1
2.2136017737259133,2.53973091845428,1
3.61333198689374,2.189862948788719,1
3.3331772711250944,3.5530957364255227,1
3.4130628542155965,2.5007576775347937,1
2.9711217208106437,2.656890243039482,1
2.6366439870086014,3.1023104467098253,1
2.8914184421379163,2.656949089419322,1
3.0680156086871886,2.2038946858422013,1
2.5808444221506495,3.0170948837078626,1
3.2807249547755633,2.6092576705190704,1
2.3702019156001395,3.2989299389351343,1
2.833620617712388,2.746961721960673,1
2.8979960637617483,2.655776930639601,1
2.6544900934123157,2.894999730444895,1
1.897247322490089,3.526076738419335,1
3.2239348320556265,3.453952040818842,1
2.6221246197798664,2.45338690877014,1
3.6628539796621857,4.399853824543459,1
2.829008861157974,2.8371118377074858,1
2.72932020578439,2.42379213552025,1
3.0457609733894384,3.444115995024389,1
3.526719874315224,2.819163771322824,1
2.718296168440915,4.076859753919825,1
3.5073688474148885,3.423704177740767,1
3.7201518205088115,2.9006400768456158,1
3.495161405327973,3.7876534388661023,1
3.8132157454961284,3.4245576057352225,1
3.6463230105062343,2.3855524015325553,1
3.757441146946503,3.4441970547862018,1
3.8021631597078205,2.7417562790257746,1
3.104034764814982,2.9583368573766626,1
2.785388050213901,3.0655272246087306,1
1.868878182378097,2.5604519938668697,1
3.333328860554649,2.1691577696128297,2
4.183892005460148,2.7233960369601613,2
3.305883250665069,1.8927524467557049,2
2.712398686615367,2.831519478877453,2
3.581947197814285,1.5742387077981044,2
4.165546210744199,2.211092303984546,2
3.865059433215018,3.004609280587438,2
4.633565470310035,1.7550926343706994,2
4.091876747715845,2.12262792672171,2
3.6168451740264596,2.438752531418217,2
3.780208224760253,1.9310501505506468,2
3.281729320365411,1.2498233619178352,2
4.542898612352966,1.4720203204655218,2
3.309449956958521,2.2904662944269174,2
3.5397961839403655,2.4457576599946225,2
3.9198568897856862,2.392277667160498,2
4.001176632245411,2.5732160069339223,2
3.2486748182451053,2.035992597468011,2
3.5472321023902524,2.1041165853555035,2
4.132520301119659,1.2405656704212353,2
4.564861679498497,2.1586644768511687,2
4.1745017810450875,2.306340392695549,2
3.987095119204573,1.708394352592007,2
3.2187956330649348,2.3220008494474556,2
3.6913288267239546,1.092055577741088,2
4.260747120655527,2.3755497988972682,2
4.5404733349274435,2.1501421618104004,2
4.444687954077628,3.0553042667940096,2
4.069035822222803,2.7065427684326333,2
4.6023002333245895,2.7534901792792645,2
5.440730356581982,2.408698548184083,2
3.7030690423086563,2.323307806957629,2
3.618442102327482,1.4091843425435358,2
4.759241462889861,1.8324543498241068,2
4.1177322626927095,2.9133642353304325,2
4.056153844213635,1.271917775638455,2
4.1961871638295625,1.774859082593435,2
3.67275674740752,1.2903829595926646,2
3.482602357624706,2.7254759070160635,2
3.6114262452258448,1.7171093357271947,2
4.622973128415508,2.772267182965646,2
3.281679667657709,1.7931187531403507,2
4.249327322824275,1.747933959918131,2
3.721156269987245,2.6392645944923325,2
3.823316555642328,2.469415863196888,2
4.371475488304166,0.6418598453912128,2
4.421994456678948,2.2255703949286,2
4.171488268933468,2.300083439126146,2
3.0634401688169968,2.1049034654504553,2
4.785482354337896,1.6711709980876126,2
4.65509825859978,2.0142042223197945,2
4.045718416595574,1.8009692595171678,2
4.005128908479706,2.105661513804988,2
4.900724604310078,1.898802868569467,2
4.473612135646864,1.689035920880527,2
3.9853527982125403,2.081885223152307,2
3.853830662074428,2.4012194550921966,2
3.9032314444944864,2.144502946197683,2
4.588616027198583,1.7231788050343844,2
4.519995892353344,2.1681270101852053,2
3.1932884942505986,2.534896195929483,2
4.232321199433032,2.797702084288095,2
4.4320606656888035,2.6037762920797185,2
3.246768417014141,2.2686900966795163,2
3.9985176242808387,1.4954379843930568,2
3.1114781968117406,1.317223636539564,2
4.064746417970693,1.8988093931404637,2
2.958382749043526,1.2954076092219184,2
3.6591272381460413,1.607607635469686,2
3.6944670427524327,1.914938847624417,2
3.645575089928697,1.7578947891305483,2
4.725764008487284,1.8360409718447912,2
4.267755284869552,1.3359976863509453,2
3.8002155698383,2.1157333798966054,2
3.5334610795529495,2.4982540255334538,2
3.880611841577384,1.7259312661054154,2
3.4854435158503425,2.362877672095607,2
4.4865400020748325,3.331363356859039,2
4.998383000773893,1.9540944849327735,2
4.526599949041056,2.3256050039747644,2
4.165845172772574,2.0983850450436776,2
3.917185608353427,2.4848118646120234,2
3.7974468552692695,1.1406750616939525,2
4.8726422863437975,1.4715216160273925,2
3.7120321962392326,2.07173196403569,2
4.780549278447875,2.4434812830792327,2
3.4342303789899256,2.06526201293247,2
3.8518841728008963,1.167713374516178,2
3.142971703639607,1.5881933617708024,2
4.07961710061414,1.6026469412013915,2
3.3681361890618966,2.194495972501524,2
4.8325247033952206,1.6189805200797864,2
4.206136135830535,1.6595964475996143,2
4.268698373438409,2.5423737883188524,2
4.141339224582385,2.667658138399295,2
3.4537295928044314,1.7933625973319807,2
4.062059143866914,2.2124513361749365,2
4.918540343933872,1.0592581007343291,2
4.004277463003155,2.099163529677671,2
3.4914918991875936,2.5949890248979135,2
3.073828671652482,2.2633908526286746,2
3.6433365048039614,2.0505304221787357,2
3.118885551229561,1.8056785132636817,2
4.415258684521299,1.676603992204299,2
4.390583633091123,1.9104587974030984,2
3.562159086389725,1.2242794308818445,2
4.306990654234713,2.805229489149122,2
3.711772673521509,2.2821053201974086,2
3.9771928586125704,1.948781482893358,2
4.185977775782489,1.6900976125863305,2
3.778019995480254,1.9648301899211285,2
4.209101674326559,2.3988974711314213,2
3.1571359747662244,2.505723945609473,2
4.058737493993985,1.5481545349671288,2
3.982523988806133,1.5132356199131722,2
2.976803431875945,3.0391149814041376,2
3.0951549036342563,2.568296428857843,2
3.0702381971865362,2.354259970414003,2
4.207153416961976,1.930676878141315,2
4.061979813435831,2.4620101691313914,2
4.13697878858702,1.363383412084442,2
3.3368107537459193,2.76588421076752,2
4.569486905333132,1.98211388763142,2
4.491420609908695,2.395430751079376,2
3.6165184824883356,2.3231088874475883,2
4.588030138226898,1.934214544369036,2
3.87453880160942,1.912316822451266,2
3.1118974879949843,2.6107915706379914,2
3.1836526169245536,2.5132487022912944,2
4.366861743927503,1.1138844400097887,2
3.94797559466551,1.1537971314717712,2
4.440612473226966,1.5268896898219206,2
3.9558134376337932,1.553227300850149,2
4.133835446680389,1.4407370637063845,2
5.061763211490087,2.136055321631144,2
4.6984245438157,1.7681477764330136,2
3.7835863656947946,2.603062310881085,2
4.187484362351563,2.7264388827585284,2
4.247222721530894,1.9856583812512034,2
4.380695583748054,2.8417289743364464,2
4.0355044025940146,2.0121071550703618,2
3.753234074752482,1.7826046766250494,2
3.998188591381749,2.0323928696469573,2
3.759856445260812,2.472430000996533,2
4.841683640619896,1.1927695136500511,2
4.620363119417661,1.8957003388877722,2
3.898192490560306,2.1487028301584354,2
4.214146130346906,2.181542332619271,2
3.917270367882155,1.8157818283385445,2
4.596620567984106,2.2443928713217356,2
4.524440258208997,2.1460608089754314,2
4.284305416355443,1.704045943263803,2
4.435632134807263,3.090799314469387,2
4.330285404020789,2.219775103015654,2
4.587030926904149,1.8344083249130851,2
4.265565686664599,1.71414048326078,2
4.075950264557261,2.5147044591154577,2
3.711387188200381,2.0510298955320336,2
3.214124631253409,3.274056348907595,2
3.9860758097466436,1.7820379385239558,2
3.6294722332979354,1.3786965307738552,2
4.030004533478562,1.9861507705831987,2
4.570244212093545,2.0875337294187215,2
4.086412337720176,0.940774682679852,2
3.792499164445188,1.84541574280926,2
3.5734356875691793,1.8157922793062022,2
3.284932396288034,1.8156182318972247,2
4.666402667678744,1.6848871261846976,2
3.1116544905353756,1.3284037284557801,2
3.53260848688447,2.3790190257108788,2
2.8433990331514662,1.708079578005162,2
3.841929212125142,1.4881492737995727,2
3.8288577201197094,1.6200328660910464,2
3.797852789685253,1.7638383801265227,2
3.9684350500117986,2.0543235623565135,2
3.5893674627911203,2.3341694931802444,2
3.5431721797556333,1.5234102509924645,2
4.908913206630538,1.7603513012227836,2
3.8329685258183144,1.3272461359900127,2
4.453829312473383,0.30385000328881206,2
3.581614478673506,2.0778969653657944,2
4.806364297376043,2.760001758750372,2
4.757091065503899,2.261041626676412,2
4.115509341108638,1.7464700219285056,2
3.4502342035152584,2.048239571302618,2
4.04350069286383,1.4125899495024694,2
4.023652250020529,1.9388538209837098,2
4.119811957044749,1.786145373471212,2
3.5108896919001644,1.5736428839663084,2
3.2384999319103525,2.2028261149023267,2
4.081181518691017,3.2999335821895284,2
3.9948543418331406,2.832724753217357,2
4.001037510959684,1.9639634893389522,2
4.513400289425483,2.4420573273579307,2
3.262419758484317,2.431353717034813,2
4.505346857993903,1.6762309871570906,2
3.628386229991341,2.3219520367503077,2
3.80238896707497,1.2795039507469244,2
3.5871103183743647,1.5973508040742088,2
4.0448099289196255,2.1193764352030655,2
3.0470910626000363,1.7926061688214372,2
3.7159571398564033,2.8782393215151107,2
3.7421217273573237,2.3240202172776727,2
4.631965101181597,1.808980939417014,2
4.075349071893609,1.7647101434432588,2
4.347759155748151,2.093485304106642,2
4.002969407193251,1.4722343556789088,2
3.4755498142686427,2.2978059766472745,2
4.453602434091624,1.3123490250272623,2
3.5772793289662164,2.31150509798037,2
3.7368783296136208,1.9177026340097936,2
4.0910498894047835,2.2073067590456326,2
4.472769394723553,1.493707037331018,2
3.899307728358628,2.1224926035440586,2
4.755262365991638,3.206173870756327,2
3.7142607924739504,1.7713916237696676,2
4.332794643477316,2.158699930164512,2
4.001808150475352,2.752783474878654,2
4.77333591910621,2.3808520724300672,2
4.107203006630491,2.2159427420723152,2
3.0613435909719513,1.4931553637394042,2
4.544167604904754,1.361205813851675,2
3.9592257433297364,2.0267162203412297,2
3.7234690444658085,1.768382072343399,2
4.611482380960419,1.9904708931123545,2
3.834345681985249,2.1028283370097585,2
4.299993371581171,1.6617860805785574,2
3.6158083403511614,2.2470515130069595,2
3.581934936586006,2.9292780942955514,2
4.905290880291806,1.495329506309778,2
3.6064836313686572,1.7652268207395445,2
3.7076145317912657,1.9751946706600012,2
3.1458396040661585,2.5702298369702956,2
4.814991122003912,1.406808999659149,2
4.198999161647549,1.4674259478079592,2
4.118889816726298,0.918169493591819,2
4.487569205289314,1.7798188933930754,2
3.3353317153328663,2.3400728830109165,2
3.7294766090401645,2.5326123544890704,2
3.9542811343752446,2.1785768306538658,2
3.2257644746357697,1.6995215103087715,2
4.6557135631749755,2.353235806851187,2
3.9907854749033165,2.102159295308058,2
3.8383556818722497,1.039647200535035,2
4.118112744784142,1.3859525836922306,2
3.6237088578316006,2.7559326525981485,2
4.022556501906483,2.161102541487636,2
5.713769273501247,1.3126028057457102,2
4.3023410151229005,2.4099765540308926,2
4.834155529817163,2.5307174798813197,2
3.8224584387720397,1.782482985270154,2
3.624215504934531,2.328841048193393,2
4.15485179468583,0.12994968102411053,2
3.3291475282879825,2.4867883975940788,2
2.8465211172771028,2.5875776959599377,2
4.365796252511069,1.4376486426181334,2
4.3206690724861145,2.1410426997576524,2
4.416925610876536,1.8309397284762805,2
4.014084936594998,1.9487352596145864,2
4.989186349939831,1.7875597777324659,2
3.9563359064711925,1.3338522665725896,2
3.723017629604711,2.945201851540828,2
2.4967506424963366,1.8448445752103917,2
3.9764170661733793,2.052377522131115,2
4.415938892529839,1.4952997098742842,2
4.003430599269749,1.4815664194378266,2
4.56211086722338,2.20629920753775,2
5.147440583127696,2.2631960400755564,2
3.9133248958114004,2.4389620846623723,2
4.615626779796655,2.551887001246844,2
3.2070737124099877,1.894896229749619,2
4.515659552178313,1.7778984680035255,2
4.031745240193384,2.3734069164244667,2
3.8893047508264678,1.6812803982847826,2
3.918300539996755,2.4358792479489146,2
3.9218482658306786,2.1872501436211444,2
3.845598545327375,2.5775132172917488,2
4.099336485074833,2.3351958444239154,2
3.912853932966799,1.4727770880544198,2
3.4221037605183984,1.5671831792069868,2
4.208526944496062,2.366242648503694,2
3.696066025805266,2.9535279212088867,2
4.523993307396065,1.338594149608491,2
3.9830865167138096,2.0116058021626366,2
4.063511976660595,2.1408372787402454,2
2.975384043377667,1.2371112440672265,2
3.3716599359159387,2.239062498181507,2
4.469807196753725,1.953438603976281,2
3.6330916369869106,0.951721259392176,2
3.7337811705005253,2.8108639891247975,2
3.86103001636586,1.5683958904644637,2
4.6818712964136715,1.358748292852479,2
4.187068998900791,2.210070811105847,2
4.655132301691665,2.2787433979524483,2
3.8661261012344044,2.3682057018481357,2
4.106588131883195,1.806998318895344,2
3.398378272312012,1.9945428310545452,2
4.589015617571686,1.6345966184130674,2
4.054324101847427,1.344901347183896,2
4.022064549398138,2.5395653245271177,2
